{
  "baseline": {
    "TemporalNT": {
      "RMSE": 15.783,
      "MAE": 12.264,
      "R2": 0.8495,
      "NASA": 490.8
    },
    "VanillaNT": {
      "RMSE": 18.155,
      "MAE": 12.959,
      "R2": 0.8009,
      "NASA": 950.0
    },
    "LSTM": {
      "RMSE": 15.486,
      "MAE": 11.669,
      "R2": 0.8551,
      "NASA": 532.0
    },
    "RF": {
      "RMSE": 18.074,
      "MAE": 12.971,
      "R2": 0.8027,
      "NASA": 1073.7
    },
    "GB": {
      "RMSE": 18.339,
      "MAE": 13.145,
      "R2": 0.7968,
      "NASA": 1094.7
    }
  },
  "missing_sensor": {
    "ratios": [
      0.0,
      0.1,
      0.2,
      0.3,
      0.4,
      0.5
    ],
    "TemporalNT": [
      15.358628900050066,
      15.358628900050066,
      15.443510422185632,
      18.500776119963607,
      26.706500755755844,
      21.306371976861904
    ],
    "VanillaNT": [
      18.21291146530309,
      18.21291146530309,
      20.193197574219997,
      21.004643971259664,
      19.673458068996872,
      39.42774400178525
    ],
    "LSTM": [
      19.171116497577074,
      19.171116497577074,
      24.889359666519645,
      29.328216568850124,
      30.340058751410858,
      58.88873869358958
    ],
    "RF": [
      17.96139487420367,
      17.961394874203666,
      19.511101440565096,
      28.55265096689186,
      27.76452184033828,
      26.893264434825582
    ],
    "GB": [
      18.293368965376033,
      18.293368965376033,
      23.34171865698598,
      24.416205661329105,
      22.625727927907565,
      28.4140489506685
    ]
  },
  "noise": {
    "sigmas": [
      0.0,
      0.02,
      0.05,
      0.1,
      0.15,
      0.2
    ],
    "TemporalNT": [
      15.78345484675057,
      16.019398374083156,
      17.07674095918508,
      22.229617265914914,
      26.34289969342427,
      30.605715787532034
    ],
    "VanillaNT": [
      18.15484477135167,
      18.18658465936542,
      20.106436751153225,
      27.294687009834785,
      33.92376599692408,
      39.224302395804315
    ],
    "LSTM": [
      15.48644771618756,
      15.604129616354268,
      16.964382782851988,
      21.27583232824901,
      25.53450460245839,
      29.214828864567007
    ],
    "RF": [
      18.07419107461119,
      18.63322806022016,
      20.199562171119187,
      25.565691186187912,
      30.477172469843865,
      35.10081346700905
    ],
    "GB": [
      18.338719628110248,
      18.491010636639764,
      21.026424037291058,
      25.34995517734599,
      29.68987669769978,
      32.563906628391656
    ]
  }
}